epoch,train_loss,val_loss
1,0.174558,0.100070
2,0.152854,0.097192
3,0.145307,0.087916
4,0.142142,0.094104
5,0.139499,0.102140
6,0.138958,0.094924
7,0.137579,0.090055
8,0.131227,0.091564
9,0.129078,0.092803
10,0.127526,0.088505
11,0.126708,0.102980
12,0.122789,0.093820
13,0.120955,0.099242
14,0.119824,0.100413
15,0.118832,0.095816
16,0.120717,0.095230
17,0.114923,0.099297
18,0.115226,0.095603
