epoch,train_loss,val_loss
1,0.498214,0.058632
2,0.435782,0.041011
3,0.429697,0.039171
4,0.429998,0.041574
5,0.427848,0.060649
6,0.427208,0.046260
7,0.426153,0.051340
8,0.425454,0.056342
9,0.425540,0.054311
10,0.425791,0.054677
11,0.424749,0.049902
12,0.424384,0.049374
13,0.424346,0.047487
14,0.424612,0.049922
15,0.423543,0.048091
16,0.425485,0.050668
17,0.424810,0.049461
18,0.424052,0.048434
