round,forecast_test_mse,anomaly_test_mse,round_seconds
1,0.297633,0.307456,3659.1
2,0.258716,0.179949,3934.3
3,0.241374,0.147175,3690.5
4,0.226370,0.123973,3795.8
5,0.218153,0.106592,3807.5
6,0.213668,0.098486,3696.5
7,0.210203,0.092917,3568.8
8,0.208016,0.089321,3841.0
9,0.206232,0.088190,3866.0
10,0.203806,0.087150,3794.6
